<?xml version="1.0" encoding="UTF-8" ?>
<XMLDB PATH="auth/googleoauth2/db" VERSION="20151104" COMMENT="XMLDB file for Moodle auth/googleoauth2"
    xmlns:xsi="http://www.w3.org/2001/XMLSchema-instance"
    xsi:noNamespaceSchemaLocation="../../../lib/xmldb/xmldb.xsd"
>
  <TABLES>
    <TABLE NAME="auth_googleoauth2_user_idps" COMMENT="user identity providers">
      <FIELDS>
        <FIELD NAME="id" TYPE="int" LENGTH="10" NOTNULL="true" SEQUENCE="true"/>
        <FIELD NAME="userid" TYPE="int" LENGTH="10" NOTNULL="false" SEQUENCE="false"/>
        <FIELD NAME="provideruserid" TYPE="char" LENGTH="255" NOTNULL="false" SEQUENCE="false"/>
        <FIELD NAME="provider" TYPE="char" LENGTH="255" NOTNULL="false" SEQUENCE="false"/>
        <FIELD NAME="accesstoken" TYPE="text" NOTNULL="false" SEQUENCE="false"/>
        <FIELD NAME="refreshtoken" TYPE="text" NOTNULL="false" SEQUENCE="false"/>
        <FIELD NAME="expires" TYPE="char" LENGTH="100" NOTNULL="false" SEQUENCE="false"/>
      </FIELDS>
      <KEYS>
        <KEY NAME="primary" TYPE="primary" FIELDS="id"/>
      </KEYS>
    </TABLE>
    <TABLE NAME="auth_googleoauth2_logins" COMMENT="Record all user logins">
      <FIELDS>
        <FIELD NAME="id" TYPE="int" LENGTH="10" NOTNULL="true" SEQUENCE="true"/>
        <FIELD NAME="userid" TYPE="int" LENGTH="10" NOTNULL="false" SEQUENCE="false"/>
        <FIELD NAME="time" TYPE="int" LENGTH="10" NOTNULL="false" SEQUENCE="false"/>
        <FIELD NAME="auth" TYPE="char" LENGTH="250" NOTNULL="false" SEQUENCE="false"/>
        <FIELD NAME="subtype" TYPE="char" LENGTH="250" NOTNULL="false" SEQUENCE="false"/>
      </FIELDS>
      <KEYS>
        <KEY NAME="primary" TYPE="primary" FIELDS="id"/>
      </KEYS>
    </TABLE>
  </TABLES>
</XMLDB>